name,value
с_p,4.502963E-12
c_m,2.473016E-11
a0_m,2736.956
b0_m,71.35904
delta_m,20.6157
s_m,9.306083
a0_h,0.4604052
b0_h,503.8082
delta_h,15.2348
s_h,21.96405
a0_j,0.4475461
b0_j,20613.33
delta_j,4.115303
s_j,167.3159
tau_j_const,0.0007794313
R,249467700
R_f,326421.4
g_max,439220.4
g_leak,0.4812443
tau_z,0.000100034
v_half_m,24.35802
v_half_h,59.69117
k_m,5.66677
k_h,5.507771
x_c_comp,0.09929933
x_r_comp,1.02
alpha,0.75
v_off,-2.5
v_rev,18
v_c,-80
