ec_name,g_name,0
common,с_p,1.7620925757302865e-12
common,c_m,4.123356633406577e-11
trace_1,v_off,7.486777797205683
