ec_name,g_name,0
common,c_m,1.0126964746585725
trace_1,v_off,-2.375452290293726
