ec_name,g_name,0
common,с_p,1.1894570057194597e-14
common,c_m,1.545961736927748e-11
trace_1,v_off,-11.115128557792197
