ec_name,g_name,0
common,с_p,3.0012084878371563e-12
common,c_m,6.445123100679406e-11
trace_1,v_off,-10.369236905979237
