ec_name,g_name,0
common,с_p,8.671932024747885e-14
common,c_m,6.679801665726219e-11
trace_1,v_off,-0.24257432866386708
