ec_name,g_name,0
common,c_m,1.007301243619563
trace_1,v_off,-2.3968279335846994
