ec_name,g_name,0
common,с_p,4.0617214021030746e-12
common,c_m,3.9707275695259155e-11
trace_1,v_off,-7.540517979089513
