ec_name,g_name,0
common,c_m,0.960141575422053
trace_1,v_off,-2.7318592226839056
