ec_name,g_name,0
common,с_p,2.490133201452578e-12
common,c_m,2.4079112910746072e-11
trace_1,v_off,-0.5292919954780881
