ec_name,g_name,0
common,с_p,7.798574672956692e-13
common,c_m,1.065427480165416e-11
trace_1,v_off,14.211196258482396
