ec_name,g_name,0
common,c_m,0.34530846799724413
trace_1,v_off,-2.025881016407845
