name,value
c_p,4.502963e-12
c_m,2.473016e-11
a0_m,99174.40000000001
b0_m,386.78015999999997
delta_m,22.823088257329694
s_m,12.8321
a0_h,6.2604999999999995
b0_h,110031.1313972342
delta_h,9.758335084181912
s_h,21.6256454
a0_j,0.64626
b0_j,11358.313070351955
delta_j,7.44533610698528
s_j,69.41735068
tau_j_const,0.00132187439
R,0.610e9
R_f,4.0e6
g_max,3000.4
g_leak,0.4812443
tau_z,0.0001500034
x_c_comp,0.929933
x_r_comp,0.982
alpha,0.75
v_off,-0.2
v_rev,18.0
v_c,-80.0
