ec_name,g_name,0
common,с_p,3.038007548265532e-12
common,c_m,4.328474246656526e-11
trace_1,v_off,10.424459036868953
