ec_name,g_name,0
common,с_p,9.497811339586882e-13
common,c_m,4.392469671849246e-11
trace_1,v_off,-13.118708981150402
